PerCentUsage,VPN Gateway,@timestamp,VPN Capcity,max_concurrentusers,type
11.0,cl01-vpn-mgmt,2022-01-12 02:54:33.150000,200,22,Pulse
21.4,ca06-vpn-mgmt,2022-01-12 02:52:29.800000,1000,214,Pulse
30.7,us03-vpn-1-mgmt,2022-01-12 02:53:41.390000,1000,307,Pulse
0.0,us03-vpn-2-mgmt,2022-01-12 02:53:42.686666,1000,0,Pulse
24.0,ca11-vpn-mgmt,2022-01-12 02:54:15.200000,200,48,Pulse
8.376,hqdc-vpn-2-mgmt,2022-01-12 02:53:17.263333,25000,2094,Pulse
0.0,hqdc-vpn-1-mgmt,2022-01-12 02:52:42.423333,25000,0,Pulse
11.600000000000001,indc-vpn-1-mgmt,2022-01-12 02:45:11.843333,2500,290,Pulse
11.64,indc-vpn-1-mgmt,2022-01-12 02:46:11.843333,2500,291,Pulse
11.68,indc-vpn-1-mgmt,2022-01-12 02:47:11.876666,2500,292,Pulse
11.799999999999999,indc-vpn-1-mgmt,2022-01-12 02:48:11.863333,2500,295,Pulse
11.88,indc-vpn-1-mgmt,2022-01-12 02:49:11.870000,2500,297,Pulse
12.04,indc-vpn-1-mgmt,2022-01-12 02:50:11.863333,2500,301,Pulse
12.04,indc-vpn-1-mgmt,2022-01-12 02:51:11.886666,2500,301,Pulse
12.08,indc-vpn-1-mgmt,2022-01-12 02:52:11.863333,2500,302,Pulse
12.2,indc-vpn-1-mgmt,2022-01-12 02:53:11.880000,2500,305,Pulse
12.32,indc-vpn-1-mgmt,2022-01-12 02:54:11.866666,2500,308,Pulse
12.32,indc-vpn-1-mgmt,2022-01-12 02:55:11.866666,2500,308,Pulse
12.6,indc-vpn-1-mgmt,2022-01-12 02:56:11.866666,2500,315,Pulse
12.6,indc-vpn-1-mgmt,2022-01-12 02:57:11.886666,2500,315,Pulse
12.68,indc-vpn-1-mgmt,2022-01-12 02:58:11.886666,2500,317,Pulse
13.120000000000001,indc-vpn-1-mgmt,2022-01-12 02:59:11.920000,2500,328,Pulse
8.0,ru20-vpn-mgmt,2022-01-12 02:52:22.223333,200,16,Pulse
8.0,ru20-vpn-mgmt,2022-01-12 02:53:22.303333,200,16,Pulse
8.0,ru20-vpn-mgmt,2022-01-12 02:54:22.286666,200,16,Pulse
8.0,ru20-vpn-mgmt,2022-01-12 02:55:22.286666,200,16,Pulse
8.0,ru20-vpn-mgmt,2022-01-12 02:56:22.303333,200,16,Pulse
8.0,ru20-vpn-mgmt,2022-01-12 02:57:22.293333,200,16,Pulse
8.0,ru20-vpn-mgmt,2022-01-12 02:58:22.310000,200,16,Pulse
8.0,ru20-vpn-mgmt,2022-01-12 02:59:22.310000,200,16,Pulse
8.5,ru20-vpn-mgmt,2022-01-12 02:45:22.203333,200,17,Pulse
8.5,ru20-vpn-mgmt,2022-01-12 02:46:22.220000,200,17,Pulse
8.5,ru20-vpn-mgmt,2022-01-12 02:47:22.220000,200,17,Pulse
8.5,ru20-vpn-mgmt,2022-01-12 02:48:22.240000,200,17,Pulse
8.5,ru20-vpn-mgmt,2022-01-12 02:49:22.223333,200,17,Pulse
8.5,ru20-vpn-mgmt,2022-01-12 02:50:22.223333,200,17,Pulse
8.5,ru20-vpn-mgmt,2022-01-12 02:51:22.223333,200,17,Pulse
22.0,il01-vpn-mgmt,2022-01-12 02:50:22.980000,200,44,Pulse
22.0,il01-vpn-mgmt,2022-01-12 02:51:22.996666,200,44,Pulse
22.0,il01-vpn-mgmt,2022-01-12 02:52:22.980000,200,44,Pulse
22.0,il01-vpn-mgmt,2022-01-12 02:53:22.980000,200,44,Pulse
22.0,il01-vpn-mgmt,2022-01-12 02:54:22.996666,200,44,Pulse
22.0,il01-vpn-mgmt,2022-01-12 02:55:22.996666,200,44,Pulse
22.0,il01-vpn-mgmt,2022-01-12 02:56:22.996666,200,44,Pulse
22.0,il01-vpn-mgmt,2022-01-12 02:57:22.996666,200,44,Pulse
22.0,il01-vpn-mgmt,2022-01-12 02:58:23.013333,200,44,Pulse
22.0,il01-vpn-mgmt,2022-01-12 02:59:22.996666,200,44,Pulse
22.5,il01-vpn-mgmt,2022-01-12 02:45:22.920000,200,45,Pulse
22.5,il01-vpn-mgmt,2022-01-12 02:46:22.950000,200,45,Pulse
22.5,il01-vpn-mgmt,2022-01-12 02:47:22.950000,200,45,Pulse
22.5,il01-vpn-mgmt,2022-01-12 02:48:22.966666,200,45,Pulse
22.5,il01-vpn-mgmt,2022-01-12 02:49:22.996666,200,45,Pulse
7.8,mdc-vpn-2-mgmt,2022-01-12 02:57:18.136666,2500,195,Pulse
7.8,mdc-vpn-2-mgmt,2022-01-12 02:58:18.140000,2500,195,Pulse
7.8,mdc-vpn-2-mgmt,2022-01-12 02:59:18.153333,2500,195,Pulse
7.88,mdc-vpn-2-mgmt,2022-01-12 02:47:18.106666,2500,197,Pulse
7.88,mdc-vpn-2-mgmt,2022-01-12 02:48:18.123333,2500,197,Pulse
7.88,mdc-vpn-2-mgmt,2022-01-12 02:49:18.136666,2500,197,Pulse
7.88,mdc-vpn-2-mgmt,2022-01-12 02:50:18.136666,2500,197,Pulse
7.88,mdc-vpn-2-mgmt,2022-01-12 02:51:18.156666,2500,197,Pulse
7.88,mdc-vpn-2-mgmt,2022-01-12 02:52:18.136666,2500,197,Pulse
7.88,mdc-vpn-2-mgmt,2022-01-12 02:53:18.136666,2500,197,Pulse
7.88,mdc-vpn-2-mgmt,2022-01-12 02:54:18.136666,2500,197,Pulse
7.88,mdc-vpn-2-mgmt,2022-01-12 02:55:18.136666,2500,197,Pulse
7.88,mdc-vpn-2-mgmt,2022-01-12 02:56:18.136666,2500,197,Pulse
7.960000000000001,mdc-vpn-2-mgmt,2022-01-12 02:45:18.076666,2500,199,Pulse
7.960000000000001,mdc-vpn-2-mgmt,2022-01-12 02:46:18.090000,2500,199,Pulse
4.04,in19-vpn-mgmt,2022-01-12 02:49:24.433333,2500,101,Pulse
4.08,in19-vpn-mgmt,2022-01-12 02:50:24.420000,2500,102,Pulse
4.08,in19-vpn-mgmt,2022-01-12 02:51:24.433333,2500,102,Pulse
4.12,in19-vpn-mgmt,2022-01-12 02:52:24.433333,2500,103,Pulse
4.12,in19-vpn-mgmt,2022-01-12 02:53:24.433333,2500,103,Pulse
4.12,in19-vpn-mgmt,2022-01-12 02:54:24.420000,2500,103,Pulse
4.16,in19-vpn-mgmt,2022-01-12 02:55:24.433333,2500,104,Pulse
4.2,in19-vpn-mgmt,2022-01-12 02:56:24.420000,2500,105,Pulse
4.2,in19-vpn-mgmt,2022-01-12 02:57:24.420000,2500,105,Pulse
4.2,in19-vpn-mgmt,2022-01-12 02:59:24.436666,2500,105,Pulse
4.24,in19-vpn-mgmt,2022-01-12 02:58:24.433333,2500,106,Pulse
3.92,in19-vpn-mgmt,2022-01-12 02:45:24.356666,2500,98,Pulse
3.92,in19-vpn-mgmt,2022-01-12 02:46:24.386666,2500,98,Pulse
3.92,in19-vpn-mgmt,2022-01-12 02:47:24.386666,2500,98,Pulse
3.9600000000000004,in19-vpn-mgmt,2022-01-12 02:48:24.403333,2500,99,Pulse
2.0,cn30-vpn-mgmt,2022-01-12 02:53:33.210000,2500,50,Pulse
2.0,cn30-vpn-mgmt,2022-01-12 02:54:33.256666,2500,50,Pulse
2.0,cn30-vpn-mgmt,2022-01-12 02:55:33.240000,2500,50,Pulse
2.0,cn30-vpn-mgmt,2022-01-12 02:56:33.226666,2500,50,Pulse
2.0,cn30-vpn-mgmt,2022-01-12 02:57:33.276666,2500,50,Pulse
2.04,cn30-vpn-mgmt,2022-01-12 02:45:33.186666,2500,51,Pulse
2.04,cn30-vpn-mgmt,2022-01-12 02:46:33.190000,2500,51,Pulse
2.04,cn30-vpn-mgmt,2022-01-12 02:47:33.190000,2500,51,Pulse
2.04,cn30-vpn-mgmt,2022-01-12 02:48:33.190000,2500,51,Pulse
2.04,cn30-vpn-mgmt,2022-01-12 02:49:33.206666,2500,51,Pulse
2.04,cn30-vpn-mgmt,2022-01-12 02:50:33.193333,2500,51,Pulse
2.04,cn30-vpn-mgmt,2022-01-12 02:51:33.206666,2500,51,Pulse
2.04,cn30-vpn-mgmt,2022-01-12 02:52:33.210000,2500,51,Pulse
2.08,cn30-vpn-mgmt,2022-01-12 02:58:33.263333,2500,52,Pulse
2.08,cn30-vpn-mgmt,2022-01-12 02:59:33.276666,2500,52,Pulse
26.0,pt01-vpn-mgmt,2022-01-12 02:45:43.390000,100,26,Pulse
26.0,pt01-vpn-mgmt,2022-01-12 02:46:43.406666,100,26,Pulse
26.0,pt01-vpn-mgmt,2022-01-12 02:47:43.410000,100,26,Pulse
26.0,pt01-vpn-mgmt,2022-01-12 02:48:43.410000,100,26,Pulse
26.0,pt01-vpn-mgmt,2022-01-12 02:49:43.410000,100,26,Pulse
26.0,pt01-vpn-mgmt,2022-01-12 02:50:43.410000,100,26,Pulse
26.0,pt01-vpn-mgmt,2022-01-12 02:51:43.410000,100,26,Pulse
26.0,pt01-vpn-mgmt,2022-01-12 02:52:43.426666,100,26,Pulse
26.0,pt01-vpn-mgmt,2022-01-12 02:53:43.426666,100,26,Pulse
26.0,pt01-vpn-mgmt,2022-01-12 02:54:43.413333,100,26,Pulse
26.0,pt01-vpn-mgmt,2022-01-12 02:55:43.430000,100,26,Pulse
26.0,pt01-vpn-mgmt,2022-01-12 02:56:43.413333,100,26,Pulse
26.0,pt01-vpn-mgmt,2022-01-12 02:57:43.433333,100,26,Pulse
26.0,pt01-vpn-mgmt,2022-01-12 02:58:43.480000,100,26,Pulse
26.0,pt01-vpn-mgmt,2022-01-12 02:59:43.433333,100,26,Pulse
21.0,fr65-vpn-mgmt,2022-01-12 02:55:18.153333,200,42,Pulse
21.0,fr65-vpn-mgmt,2022-01-12 02:56:18.153333,200,42,Pulse
21.0,fr65-vpn-mgmt,2022-01-12 02:57:18.170000,200,42,Pulse
21.0,fr65-vpn-mgmt,2022-01-12 02:58:18.153333,200,42,Pulse
21.0,fr65-vpn-mgmt,2022-01-12 02:59:18.170000,200,42,Pulse
21.5,fr65-vpn-mgmt,2022-01-12 02:45:18.090000,200,43,Pulse
21.5,fr65-vpn-mgmt,2022-01-12 02:46:18.106666,200,43,Pulse
21.5,fr65-vpn-mgmt,2022-01-12 02:47:18.123333,200,43,Pulse
21.5,fr65-vpn-mgmt,2022-01-12 02:48:18.136666,200,43,Pulse
21.5,fr65-vpn-mgmt,2022-01-12 02:49:18.153333,200,43,Pulse
21.5,fr65-vpn-mgmt,2022-01-12 02:50:18.153333,200,43,Pulse
21.5,fr65-vpn-mgmt,2022-01-12 02:51:18.170000,200,43,Pulse
21.5,fr65-vpn-mgmt,2022-01-12 02:52:18.153333,200,43,Pulse
21.5,fr65-vpn-mgmt,2022-01-12 02:53:18.170000,200,43,Pulse
21.5,fr65-vpn-mgmt,2022-01-12 02:54:18.153333,200,43,Pulse
0.0,indc-vpn-2-mgmt,2022-01-12 02:45:22.983333,2500,0,Pulse
0.0,indc-vpn-2-mgmt,2022-01-12 02:46:23.013333,2500,0,Pulse
0.0,indc-vpn-2-mgmt,2022-01-12 02:47:23.013333,2500,0,Pulse
0.0,indc-vpn-2-mgmt,2022-01-12 02:48:23.043333,2500,0,Pulse
0.0,indc-vpn-2-mgmt,2022-01-12 02:49:23.060000,2500,0,Pulse
0.0,indc-vpn-2-mgmt,2022-01-12 02:50:23.043333,2500,0,Pulse
0.0,indc-vpn-2-mgmt,2022-01-12 02:51:23.060000,2500,0,Pulse
0.0,indc-vpn-2-mgmt,2022-01-12 02:52:23.060000,2500,0,Pulse
0.0,indc-vpn-2-mgmt,2022-01-12 02:53:23.043333,2500,0,Pulse
0.0,indc-vpn-2-mgmt,2022-01-12 02:54:23.060000,2500,0,Pulse
0.0,indc-vpn-2-mgmt,2022-01-12 02:55:23.060000,2500,0,Pulse
0.0,indc-vpn-2-mgmt,2022-01-12 02:56:23.060000,2500,0,Pulse
0.0,indc-vpn-2-mgmt,2022-01-12 02:57:23.060000,2500,0,Pulse
0.0,indc-vpn-2-mgmt,2022-01-12 02:58:23.076666,2500,0,Pulse
0.0,indc-vpn-2-mgmt,2022-01-12 02:59:23.076666,2500,0,Pulse
3.36,jp01-vpn-mgmt,2022-01-12 02:59:44.386666,2500,84,Pulse
3.44,jp01-vpn-mgmt,2022-01-12 02:45:44.326666,2500,86,Pulse
3.44,jp01-vpn-mgmt,2022-01-12 02:46:44.330000,2500,86,Pulse
3.44,jp01-vpn-mgmt,2022-01-12 02:47:44.316666,2500,86,Pulse
3.44,jp01-vpn-mgmt,2022-01-12 02:48:44.330000,2500,86,Pulse
3.44,jp01-vpn-mgmt,2022-01-12 02:49:44.333333,2500,86,Pulse
3.44,jp01-vpn-mgmt,2022-01-12 02:50:44.333333,2500,86,Pulse
3.44,jp01-vpn-mgmt,2022-01-12 02:51:44.380000,2500,86,Pulse
3.44,jp01-vpn-mgmt,2022-01-12 02:52:44.333333,2500,86,Pulse
3.44,jp01-vpn-mgmt,2022-01-12 02:57:44.356666,2500,86,Pulse
3.44,jp01-vpn-mgmt,2022-01-12 02:58:44.370000,2500,86,Pulse
3.4799999999999995,jp01-vpn-mgmt,2022-01-12 02:53:44.336666,2500,87,Pulse
3.4799999999999995,jp01-vpn-mgmt,2022-01-12 02:54:44.380000,2500,87,Pulse
3.4799999999999995,jp01-vpn-mgmt,2022-01-12 02:55:44.396666,2500,87,Pulse
3.4799999999999995,jp01-vpn-mgmt,2022-01-12 02:56:44.350000,2500,87,Pulse
0.0,tw52-vpn-mgmt,2022-01-12 02:45:37.000000,200,0,Pulse
0.0,tw52-vpn-mgmt,2022-01-12 02:46:37.016666,200,0,Pulse
0.0,tw52-vpn-mgmt,2022-01-12 02:47:37.020000,200,0,Pulse
0.0,tw52-vpn-mgmt,2022-01-12 02:48:37.020000,200,0,Pulse
0.0,tw52-vpn-mgmt,2022-01-12 02:49:37.020000,200,0,Pulse
0.0,tw52-vpn-mgmt,2022-01-12 02:50:37.036666,200,0,Pulse
0.0,tw52-vpn-mgmt,2022-01-12 02:51:37.036666,200,0,Pulse
0.0,tw52-vpn-mgmt,2022-01-12 02:52:37.036666,200,0,Pulse
0.0,tw52-vpn-mgmt,2022-01-12 02:53:37.036666,200,0,Pulse
0.0,tw52-vpn-mgmt,2022-01-12 02:54:37.036666,200,0,Pulse
0.0,tw52-vpn-mgmt,2022-01-12 02:55:37.083333,200,0,Pulse
0.0,tw52-vpn-mgmt,2022-01-12 02:56:37.070000,200,0,Pulse
0.0,tw52-vpn-mgmt,2022-01-12 02:57:37.076666,200,0,Pulse
0.0,tw52-vpn-mgmt,2022-01-12 02:58:37.073333,200,0,Pulse
0.0,tw52-vpn-mgmt,2022-01-12 02:59:37.106666,200,0,Pulse
0.0,mdc-vpn-1-mgmt,2022-01-12 02:45:38.390000,2500,0,Pulse
0.0,mdc-vpn-1-mgmt,2022-01-12 02:46:38.360000,2500,0,Pulse
0.0,mdc-vpn-1-mgmt,2022-01-12 02:47:38.376666,2500,0,Pulse
0.0,mdc-vpn-1-mgmt,2022-01-12 02:48:38.393333,2500,0,Pulse
0.0,mdc-vpn-1-mgmt,2022-01-12 02:49:38.380000,2500,0,Pulse
0.0,mdc-vpn-1-mgmt,2022-01-12 02:50:38.380000,2500,0,Pulse
0.0,mdc-vpn-1-mgmt,2022-01-12 02:51:38.380000,2500,0,Pulse
0.0,mdc-vpn-1-mgmt,2022-01-12 02:52:38.380000,2500,0,Pulse
0.0,mdc-vpn-1-mgmt,2022-01-12 02:53:38.413333,2500,0,Pulse
0.0,mdc-vpn-1-mgmt,2022-01-12 02:54:38.396666,2500,0,Pulse
0.0,mdc-vpn-1-mgmt,2022-01-12 02:55:38.460000,2500,0,Pulse
0.0,mdc-vpn-1-mgmt,2022-01-12 02:56:38.413333,2500,0,Pulse
0.0,mdc-vpn-1-mgmt,2022-01-12 02:57:38.416666,2500,0,Pulse
0.0,mdc-vpn-1-mgmt,2022-01-12 02:58:38.420000,2500,0,Pulse
0.0,mdc-vpn-1-mgmt,2022-01-12 02:59:38.433333,2500,0,Pulse
12.0,se80-vpn-mgmt,2022-01-12 02:45:17.563333,100,12,Pulse
12.0,se80-vpn-mgmt,2022-01-12 02:46:17.546666,100,12,Pulse
12.0,se80-vpn-mgmt,2022-01-12 02:47:17.570000,100,12,Pulse
12.0,se80-vpn-mgmt,2022-01-12 02:48:17.566666,100,12,Pulse
12.0,se80-vpn-mgmt,2022-01-12 02:49:17.566666,100,12,Pulse
12.0,se80-vpn-mgmt,2022-01-12 02:50:17.566666,100,12,Pulse
12.0,se80-vpn-mgmt,2022-01-12 02:51:17.566666,100,12,Pulse
12.0,se80-vpn-mgmt,2022-01-12 02:52:17.553333,100,12,Pulse
12.0,se80-vpn-mgmt,2022-01-12 02:53:17.553333,100,12,Pulse
12.0,se80-vpn-mgmt,2022-01-12 02:54:17.586666,100,12,Pulse
12.0,se80-vpn-mgmt,2022-01-12 02:55:17.583333,100,12,Pulse
12.0,se80-vpn-mgmt,2022-01-12 02:56:17.586666,100,12,Pulse
12.0,se80-vpn-mgmt,2022-01-12 02:57:17.590000,100,12,Pulse
12.0,se80-vpn-mgmt,2022-01-12 02:58:17.590000,100,12,Pulse
12.0,se80-vpn-mgmt,2022-01-12 02:59:17.620000,100,12,Pulse
199.0,vn04-ram,2022-01-12 02:45:25.106666,100,199,Pulse
200.0,vn04-ram,2022-01-12 02:46:25.106666,100,200,Pulse
200.0,vn04-ram,2022-01-12 02:48:25.120000,100,200,Pulse
200.0,vn04-ram,2022-01-12 02:49:25.120000,100,200,Pulse
200.99999999999997,vn04-ram,2022-01-12 02:47:25.123333,100,201,Pulse
200.99999999999997,vn04-ram,2022-01-12 02:50:25.136666,100,201,Pulse
200.99999999999997,vn04-ram,2022-01-12 02:51:25.136666,100,201,Pulse
202.99999999999997,vn04-ram,2022-01-12 02:52:25.153333,100,203,Pulse
202.99999999999997,vn04-ram,2022-01-12 02:53:25.153333,100,203,Pulse
204.0,vn04-ram,2022-01-12 02:54:25.153333,100,204,Pulse
204.0,vn04-ram,2022-01-12 02:55:25.153333,100,204,Pulse
204.99999999999997,vn04-ram,2022-01-12 02:56:25.170000,100,205,Pulse
204.99999999999997,vn04-ram,2022-01-12 02:57:25.153333,100,205,Pulse
204.99999999999997,vn04-ram,2022-01-12 02:58:25.153333,100,205,Pulse
206.0,vn04-ram,2022-01-12 02:59:25.153333,100,206,Pulse
6.4799999999999995,am04-vpn-vm-mgmt,2022-01-12 02:46:17.626666,2500,162,Pulse
6.4799999999999995,am04-vpn-vm-mgmt,2022-01-12 02:47:17.613333,2500,162,Pulse
6.4799999999999995,am04-vpn-vm-mgmt,2022-01-12 02:48:17.596666,2500,162,Pulse
6.4799999999999995,am04-vpn-vm-mgmt,2022-01-12 02:49:17.613333,2500,162,Pulse
6.4799999999999995,am04-vpn-vm-mgmt,2022-01-12 02:50:17.596666,2500,162,Pulse
6.4799999999999995,am04-vpn-vm-mgmt,2022-01-12 02:51:17.613333,2500,162,Pulse
6.4799999999999995,am04-vpn-vm-mgmt,2022-01-12 02:52:17.613333,2500,162,Pulse
6.4799999999999995,am04-vpn-vm-mgmt,2022-01-12 02:53:17.600000,2500,162,Pulse
6.4799999999999995,am04-vpn-vm-mgmt,2022-01-12 02:54:17.616666,2500,162,Pulse
6.4799999999999995,am04-vpn-vm-mgmt,2022-01-12 02:55:17.630000,2500,162,Pulse
6.4799999999999995,am04-vpn-vm-mgmt,2022-01-12 02:56:17.616666,2500,162,Pulse
6.4799999999999995,am04-vpn-vm-mgmt,2022-01-12 02:57:17.636666,2500,162,Pulse
6.4799999999999995,am04-vpn-vm-mgmt,2022-01-12 02:58:17.636666,2500,162,Pulse
6.4799999999999995,am04-vpn-vm-mgmt,2022-01-12 02:59:17.670000,2500,162,Pulse
6.5600000000000005,am04-vpn-vm-mgmt,2022-01-12 02:45:17.610000,2500,164,Pulse
11.52,tw52-vpn-vm-mgmt,2022-01-12 02:46:26.610000,2500,288,Pulse
11.52,tw52-vpn-vm-mgmt,2022-01-12 02:47:26.626666,2500,288,Pulse
11.559999999999999,tw52-vpn-vm-mgmt,2022-01-12 02:48:26.613333,2500,289,Pulse
11.559999999999999,tw52-vpn-vm-mgmt,2022-01-12 02:49:26.613333,2500,289,Pulse
11.600000000000001,tw52-vpn-vm-mgmt,2022-01-12 02:50:26.613333,2500,290,Pulse
11.600000000000001,tw52-vpn-vm-mgmt,2022-01-12 02:51:26.613333,2500,290,Pulse
11.64,tw52-vpn-vm-mgmt,2022-01-12 02:52:26.600000,2500,291,Pulse
11.64,tw52-vpn-vm-mgmt,2022-01-12 02:53:26.616666,2500,291,Pulse
11.64,tw52-vpn-vm-mgmt,2022-01-12 02:54:26.616666,2500,291,Pulse
11.64,tw52-vpn-vm-mgmt,2022-01-12 02:55:26.616666,2500,291,Pulse
11.68,tw52-vpn-vm-mgmt,2022-01-12 02:45:26.610000,2500,292,Pulse
11.68,tw52-vpn-vm-mgmt,2022-01-12 02:56:26.633333,2500,292,Pulse
11.72,tw52-vpn-vm-mgmt,2022-01-12 02:57:26.636666,2500,293,Pulse
11.72,tw52-vpn-vm-mgmt,2022-01-12 02:58:26.636666,2500,293,Pulse
11.72,tw52-vpn-vm-mgmt,2022-01-12 02:59:26.636666,2500,293,Pulse
24.0,pt02-vpn-mgmt,2022-01-12 02:56:19.810000,200,48,Pulse
24.0,pt02-vpn-mgmt,2022-01-12 02:57:19.810000,200,48,Pulse
24.0,pt02-vpn-mgmt,2022-01-12 02:58:19.810000,200,48,Pulse
24.0,pt02-vpn-mgmt,2022-01-12 02:59:19.810000,200,48,Pulse
24.5,pt02-vpn-mgmt,2022-01-12 02:45:19.763333,200,49,Pulse
24.5,pt02-vpn-mgmt,2022-01-12 02:46:19.763333,200,49,Pulse
24.5,pt02-vpn-mgmt,2022-01-12 02:47:19.793333,200,49,Pulse
24.5,pt02-vpn-mgmt,2022-01-12 02:48:19.810000,200,49,Pulse
24.5,pt02-vpn-mgmt,2022-01-12 02:49:19.823333,200,49,Pulse
24.5,pt02-vpn-mgmt,2022-01-12 02:50:19.810000,200,49,Pulse
24.5,pt02-vpn-mgmt,2022-01-12 02:51:19.823333,200,49,Pulse
24.5,pt02-vpn-mgmt,2022-01-12 02:52:19.823333,200,49,Pulse
24.5,pt02-vpn-mgmt,2022-01-12 02:53:19.810000,200,49,Pulse
24.5,pt02-vpn-mgmt,2022-01-12 02:54:19.810000,200,49,Pulse
24.5,pt02-vpn-mgmt,2022-01-12 02:55:19.810000,200,49,Pulse
12.08,cn58-vpn-mgmt,2022-01-12 02:45:24.403333,2500,302,Pulse
12.16,cn58-vpn-mgmt,2022-01-12 02:46:24.420000,2500,304,Pulse
12.16,cn58-vpn-mgmt,2022-01-12 02:47:24.433333,2500,304,Pulse
12.24,cn58-vpn-mgmt,2022-01-12 02:48:24.450000,2500,306,Pulse
12.24,cn58-vpn-mgmt,2022-01-12 02:49:24.480000,2500,306,Pulse
12.32,cn58-vpn-mgmt,2022-01-12 02:54:24.466666,2500,308,Pulse
12.32,cn58-vpn-mgmt,2022-01-12 02:55:24.466666,2500,308,Pulse
12.32,cn58-vpn-mgmt,2022-01-12 02:56:24.466666,2500,308,Pulse
12.36,cn58-vpn-mgmt,2022-01-12 02:50:24.466666,2500,309,Pulse
12.36,cn58-vpn-mgmt,2022-01-12 02:51:24.466666,2500,309,Pulse
12.36,cn58-vpn-mgmt,2022-01-12 02:58:24.466666,2500,309,Pulse
12.36,cn58-vpn-mgmt,2022-01-12 02:59:24.483333,2500,309,Pulse
12.4,cn58-vpn-mgmt,2022-01-12 02:52:24.466666,2500,310,Pulse
12.4,cn58-vpn-mgmt,2022-01-12 02:57:24.466666,2500,310,Pulse
12.479999999999999,cn58-vpn-mgmt,2022-01-12 02:53:24.480000,2500,312,Pulse
65.0,kr02-vpn-mgmt,2022-01-12 02:45:24.063333,100,65,Pulse
65.0,kr02-vpn-mgmt,2022-01-12 02:46:24.063333,100,65,Pulse
65.0,kr02-vpn-mgmt,2022-01-12 02:47:24.096666,100,65,Pulse
65.0,kr02-vpn-mgmt,2022-01-12 02:48:26.753333,100,65,Pulse
65.0,kr02-vpn-mgmt,2022-01-12 02:49:24.096666,100,65,Pulse
65.0,kr02-vpn-mgmt,2022-01-12 02:50:24.096666,100,65,Pulse
65.0,kr02-vpn-mgmt,2022-01-12 02:51:24.100000,100,65,Pulse
65.0,kr02-vpn-mgmt,2022-01-12 02:52:24.113333,100,65,Pulse
65.0,kr02-vpn-mgmt,2022-01-12 02:53:24.130000,100,65,Pulse
65.0,kr02-vpn-mgmt,2022-01-12 02:54:24.136666,100,65,Pulse
65.0,kr02-vpn-mgmt,2022-01-12 02:55:24.130000,100,65,Pulse
65.0,kr02-vpn-mgmt,2022-01-12 02:56:24.133333,100,65,Pulse
65.0,kr02-vpn-mgmt,2022-01-12 02:57:24.153333,100,65,Pulse
65.0,kr02-vpn-mgmt,2022-01-12 02:58:24.153333,100,65,Pulse
65.0,kr02-vpn-mgmt,2022-01-12 02:59:24.136666,100,65,Pulse
